Datetime,Water Level (m)
2025-04-21 12:00:00,0.38810134
2025-04-21 13:00:00,0.4689546
2025-04-21 14:00:00,0.43926325
2025-04-21 15:00:00,0.30163133
2025-04-21 16:00:00,0.12729053
2025-04-21 17:00:00,-0.03184673
2025-04-21 18:00:00,-0.16680749
2025-04-21 19:00:00,-0.2770569
2025-04-21 20:00:00,-0.3529862
2025-04-21 21:00:00,-0.3476937
2025-04-21 22:00:00,-0.21247593
2025-04-21 23:00:00,-0.02969533
2025-04-22 00:00:00,0.120865904
2025-04-22 01:00:00,0.21425138
2025-04-22 02:00:00,0.22855237
2025-04-22 03:00:00,0.1460604
2025-04-22 04:00:00,0.0034740726
2025-04-22 05:00:00,-0.1412492
2025-04-22 06:00:00,-0.26590517
2025-04-22 07:00:00,-0.368456
2025-04-22 08:00:00,-0.42819744
2025-04-22 09:00:00,-0.39914775
2025-04-22 10:00:00,-0.22944862
2025-04-22 11:00:00,-0.008389232
2025-04-22 12:00:00,0.21803406
2025-04-22 13:00:00,0.4074078
2025-04-22 14:00:00,0.52742636
2025-04-22 15:00:00,0.549996
2025-04-22 16:00:00,0.4377326
2025-04-22 17:00:00,0.24335046
2025-04-22 18:00:00,0.055295646
2025-04-22 19:00:00,-0.1103932
2025-04-22 20:00:00,-0.24977508
2025-04-22 21:00:00,-0.36127174
2025-04-22 22:00:00,-0.42199397
2025-04-22 23:00:00,-0.32648858
2025-04-23 00:00:00,-0.08501785
2025-04-23 01:00:00,0.15528426
2025-04-23 02:00:00,0.348617
2025-04-23 03:00:00,0.4718285
2025-04-23 04:00:00,0.48604825
2025-04-23 05:00:00,0.36181572
2025-04-23 06:00:00,0.15798366
2025-04-23 07:00:00,-0.030122938
2025-04-23 08:00:00,-0.18301937
2025-04-23 09:00:00,-0.30847737
2025-04-23 10:00:00,-0.37651765
2025-04-23 11:00:00,-0.28557175
2025-04-23 12:00:00,-0.025765805
2025-04-23 13:00:00,0.26477027
2025-04-23 14:00:00,0.52155066
2025-04-23 15:00:00,0.70774657
2025-04-23 16:00:00,0.788917
2025-04-23 17:00:00,0.7046185
2025-04-23 18:00:00,0.46943903
2025-04-23 19:00:00,0.22793455
2025-04-23 20:00:00,0.021584116
2025-04-23 21:00:00,-0.15207618
2025-04-23 22:00:00,-0.2944598
2025-04-23 23:00:00,-0.39186105
2025-04-24 00:00:00,-0.30523002
2025-04-24 01:00:00,-0.0007455345
2025-04-24 02:00:00,0.3085783
2025-04-24 03:00:00,0.5615066
2025-04-24 04:00:00,0.7266116
2025-04-24 05:00:00,0.7564094
2025-04-24 06:00:00,0.59467024
2025-04-24 07:00:00,0.34654695
2025-04-24 08:00:00,0.12127257
2025-04-24 09:00:00,-0.06942896
2025-04-24 10:00:00,-0.22519071
2025-04-24 11:00:00,-0.34070122
2025-04-24 12:00:00,-0.32268247
2025-04-24 13:00:00,-0.0005234326
2025-04-24 14:00:00,0.35628647
2025-04-24 15:00:00,0.6773904
2025-04-24 16:00:00,0.9063781
2025-04-24 17:00:00,0.9834383
2025-04-24 18:00:00,0.83130884
2025-04-24 19:00:00,0.5472384
2025-04-24 20:00:00,0.28435916
2025-04-24 21:00:00,0.066407
2025-04-24 22:00:00,-0.122197926
2025-04-24 23:00:00,-0.27724308
2025-04-25 00:00:00,-0.3912142
2025-04-25 01:00:00,-0.27760848
2025-04-25 02:00:00,0.09913218
2025-04-25 03:00:00,0.46786043
2025-04-25 04:00:00,0.76393336
2025-04-25 05:00:00,0.9507033
2025-04-25 06:00:00,0.9504074
2025-04-25 07:00:00,0.71139365
2025-04-25 08:00:00,0.4260286
2025-04-25 09:00:00,0.17771214
2025-04-25 10:00:00,-0.027988581
2025-04-25 11:00:00,-0.19868247
2025-04-25 12:00:00,-0.33155495
2025-04-25 13:00:00,-0.32790345
2025-04-25 14:00:00,0.051203992
2025-04-25 15:00:00,0.44193986
2025-04-25 16:00:00,0.7785021
2025-04-25 17:00:00,1.0026321
2025-04-25 18:00:00,1.0485835
2025-04-25 19:00:00,0.83253115
2025-04-25 20:00:00,0.5242002
2025-04-25 21:00:00,0.2490424
2025-04-25 22:00:00,0.0231437
2025-04-25 23:00:00,-0.16771983
2025-04-26 00:00:00,-0.33154818
2025-04-26 01:00:00,-0.45111406
2025-04-26 02:00:00,-0.23135918
2025-04-26 03:00:00,0.20250094
2025-04-26 04:00:00,0.6111738
2025-04-26 05:00:00,0.9274147
2025-04-26 06:00:00,1.0972031
2025-04-26 07:00:00,1.028405
2025-04-26 08:00:00,0.72450817
2025-04-26 09:00:00,0.42666358
2025-04-26 10:00:00,0.1772466
2025-04-26 11:00:00,-0.03340753
2025-04-26 12:00:00,-0.20781988
2025-04-26 13:00:00,-0.3484001
2025-04-26 14:00:00,-0.3202748
2025-04-26 15:00:00,0.12488018
2025-04-26 16:00:00,0.543075
2025-04-26 17:00:00,0.879955
2025-04-26 18:00:00,1.0797976
2025-04-26 19:00:00,1.0426016
2025-04-26 20:00:00,0.7389994
2025-04-26 21:00:00,0.42962122
2025-04-26 22:00:00,0.16815466
2025-04-26 23:00:00,-0.05292475
2025-04-27 00:00:00,-0.23674001
2025-04-27 01:00:00,-0.39367595
2025-04-27 02:00:00,-0.48744726
2025-04-27 03:00:00,-0.114287145
2025-04-27 04:00:00,0.3298276
2025-04-27 05:00:00,0.7554646
2025-04-27 06:00:00,1.0650539
2025-04-27 07:00:00,1.1885016
2025-04-27 08:00:00,1.0239013
2025-04-27 09:00:00,0.68808836
2025-04-27 10:00:00,0.3890909
2025-04-27 11:00:00,0.1458358
2025-04-27 12:00:00,-0.06370286
